name,time,threads
late_parallel,0.0272575,2.75765,100,20,103936
