name,time,threads
late_parallel,0.000136247,0.0205942,100,20,214
