name,time,threads
late_parallel,0.000362784,0.0444334,100,20,1048
