name,time,threads
late_parallel,0.00021519,0.0295516,100,20,476
