name,time,threads
late_parallel,0.000708002,0.0831937,100,20,2288
