name,time,threads
late_parallel,0.00635213,0.647997,100,20,22912
