name,time,threads
late_parallel,0.00142884,0.163224,100,20,4960
