name,time,threads
late_parallel,0.00301769,0.325112,100,20,10688
